{"cameraMode":{"drawMode":0,"name":"Shaded","section":"Shading Mode"},"sceneLighting":false,"audioPlay":false,"sceneViewState":{"showFog":false,"showMaterialUpdate":false,"showSkybox":false,"showFlares":false,"showImageEffects":false,"showParticleSystems":false},"in2DMode":false,"pivot":{"x":0.0,"y":0.4009999930858612,"z":0.05000000074505806},"rotation":{"x":-0.09014591574668884,"y":0.6843652129173279,"z":-0.08585473150014878,"w":-0.7184596657752991},"size":0.16500000655651093,"orthographic":false}