{"cameraMode":{"drawMode":0,"name":"Shaded","section":"Shading Mode"},"sceneLighting":false,"audioPlay":false,"sceneViewState":{"showFog":false,"showMaterialUpdate":false,"showSkybox":false,"showFlares":false,"showImageEffects":false,"showParticleSystems":false},"in2DMode":false,"pivot":{"x":-0.48699474334716799,"y":3.0085251331329347,"z":5.7752275466918949},"rotation":{"x":-0.09014591574668884,"y":0.6843652129173279,"z":-0.08585473150014878,"w":-0.7184596657752991},"size":14.695106506347657,"orthographic":false}