{"cameraMode":{"drawMode":0,"name":"Shaded","section":"Shading Mode"},"sceneLighting":false,"audioPlay":false,"sceneViewState":{"showFog":false,"showMaterialUpdate":false,"showSkybox":false,"showFlares":false,"showImageEffects":false,"showParticleSystems":false},"in2DMode":false,"pivot":{"x":-2.770082473754883,"y":0.9786484241485596,"z":0.1706138700246811},"rotation":{"x":0.12828178703784944,"y":-0.26435843110084536,"z":0.0355030857026577,"w":0.9551964998245239},"size":9.56557559967041,"orthographic":false}