{"cameraMode":{"drawMode":0,"name":"Shaded","section":"Shading Mode"},"sceneLighting":false,"audioPlay":false,"sceneViewState":{"showFog":false,"showMaterialUpdate":false,"showSkybox":false,"showFlares":false,"showImageEffects":false,"showParticleSystems":false},"in2DMode":false,"pivot":{"x":0.03608107566833496,"y":1.0,"z":0.33024853467941286},"rotation":{"x":0.12828178703784944,"y":-0.26435843110084536,"z":0.0355030857026577,"w":0.9551964998245239},"size":4.6396355628967289,"orthographic":false}