{"cameraMode":{"drawMode":0,"name":"Shaded","section":"Shading Mode"},"sceneLighting":false,"audioPlay":false,"sceneViewState":{"showFog":false,"showMaterialUpdate":false,"showSkybox":false,"showFlares":false,"showImageEffects":false,"showParticleSystems":false},"in2DMode":false,"pivot":{"x":-2.243757963180542,"y":0.002056598663330078,"z":9.349109649658204},"rotation":{"x":-0.09014591574668884,"y":0.6843652129173279,"z":-0.08585473150014878,"w":-0.7184596657752991},"size":33.742774963378909,"orthographic":false}