{"cameraMode":{"drawMode":0,"name":"Shaded","section":"Shading Mode"},"sceneLighting":false,"audioPlay":false,"sceneViewState":{"showFog":false,"showMaterialUpdate":false,"showSkybox":false,"showFlares":false,"showImageEffects":false,"showParticleSystems":false},"in2DMode":false,"pivot":{"x":6.777663230895996,"y":0.8679220676422119,"z":6.0000810623168949},"rotation":{"x":-0.09014591574668884,"y":0.6843652129173279,"z":-0.08585473150014878,"w":-0.7184596657752991},"size":52.530662536621097,"orthographic":false}