{"cameraMode":{"drawMode":0,"name":"Shaded","section":"Shading Mode"},"sceneLighting":false,"audioPlay":false,"sceneViewState":{"showFog":false,"showMaterialUpdate":false,"showSkybox":false,"showFlares":false,"showImageEffects":false,"showParticleSystems":false},"in2DMode":false,"pivot":{"x":-0.15000000596046449,"y":0.7136539220809937,"z":4.179999828338623},"rotation":{"x":-0.09014591574668884,"y":0.6843652129173279,"z":-0.08585473150014878,"w":-0.7184596657752991},"size":3.254387617111206,"orthographic":false}